PRAGMA foreign_keys=OFF;
BEGIN TRANSACTION;
CREATE TABLE SET_OF_SETS(SET_OF_SETS_ID INTEGER PRIMARY KEY ASC,                          CATEGORY VARCHAR,                         REPS_MIN INTEGER,                         REPS_MAX INTEGER,                         DURATION_MIN FLOAT,                         DURATION_MAX FLOAT,                         DIST_MIN FLOAT,                         DIST_MAX FLOAT,                         REST_DURATION_MIN FLOAT,                         REST_DURATION_MAX FLOAT,                         TYPE VARCHAR,                         CALORIES FLOAT);
INSERT INTO "SET_OF_SETS" VALUES(1,'warmup',1,1,NULL,NULL,NULL,NULL,NULL,NULL,'warmup',45.0);
INSERT INTO "SET_OF_SETS" VALUES(2,'sprint',1,2,NULL,NULL,NULL,NULL,NULL,NULL,'sprint',0.0);
INSERT INTO "SET_OF_SETS" VALUES(3,'super',2,3,NULL,NULL,NULL,NULL,NULL,NULL,'super',0.0);
INSERT INTO "SET_OF_SETS" VALUES(4,'beast',3,4,NULL,NULL,NULL,NULL,NULL,NULL,'beast',0.0);
INSERT INTO "SET_OF_SETS" VALUES(5,'trifecta',4,5,NULL,NULL,NULL,NULL,NULL,NULL,'trifecta',0.0);
INSERT INTO "SET_OF_SETS" VALUES(6,'cooldown',1,1,NULL,NULL,NULL,NULL,NULL,NULL,'cooldown',0.0);
INSERT INTO "SET_OF_SETS" VALUES(7,'warmup',1,1,NULL,NULL,NULL,NULL,NULL,NULL,'warmup',0.0);
INSERT INTO "SET_OF_SETS" VALUES(8,'sprint',1,1,NULL,NULL,NULL,NULL,NULL,NULL,'sprint',0.0);
INSERT INTO "SET_OF_SETS" VALUES(9,'super',1,1,NULL,NULL,NULL,NULL,NULL,NULL,'super',0.0);
INSERT INTO "SET_OF_SETS" VALUES(10,'beast',1,1,NULL,NULL,NULL,NULL,NULL,NULL,'beast',0.0);
INSERT INTO "SET_OF_SETS" VALUES(11,'trifecta',1,1,NULL,NULL,NULL,NULL,NULL,NULL,'trifecta',0.0);
INSERT INTO "SET_OF_SETS" VALUES(12,'cooldown',1,1,NULL,NULL,NULL,NULL,NULL,NULL,'cooldown',0.0);
INSERT INTO "SET_OF_SETS" VALUES(13,'warmup',1,1,NULL,NULL,NULL,NULL,NULL,NULL,'warmup',0.0);
INSERT INTO "SET_OF_SETS" VALUES(14,'sprint',1,1,NULL,NULL,NULL,NULL,NULL,NULL,'sprint',0.0);
INSERT INTO "SET_OF_SETS" VALUES(15,'super',2,2,NULL,NULL,NULL,NULL,NULL,NULL,'super',0.0);
INSERT INTO "SET_OF_SETS" VALUES(16,'beast',3,3,NULL,NULL,NULL,NULL,NULL,NULL,'beast',0.0);
INSERT INTO "SET_OF_SETS" VALUES(17,'trifecta',4,4,NULL,NULL,NULL,NULL,NULL,NULL,'trifecta',0.0);
INSERT INTO "SET_OF_SETS" VALUES(18,'cooldown',1,1,NULL,NULL,NULL,NULL,NULL,NULL,'cooldown',0.0);
INSERT INTO "SET_OF_SETS" VALUES(19,'warmup',1,1,NULL,NULL,NULL,NULL,NULL,NULL,'warmup',0.0);
INSERT INTO "SET_OF_SETS" VALUES(20,'cooldown',1,1,NULL,NULL,NULL,NULL,NULL,NULL,'cooldown',0.0);
INSERT INTO "SET_OF_SETS" VALUES(21,'sprint',1,1,NULL,NULL,NULL,NULL,NULL,NULL,'sprint',0.0);
INSERT INTO "SET_OF_SETS" VALUES(22,'super',1,1,NULL,NULL,NULL,NULL,NULL,NULL,'super',0.0);
INSERT INTO "SET_OF_SETS" VALUES(23,'beast',1,1,NULL,NULL,NULL,NULL,NULL,NULL,'beast',0.0);
INSERT INTO "SET_OF_SETS" VALUES(24,'trifecta',1,1,NULL,NULL,NULL,NULL,NULL,NULL,'trifecta',0.0);
INSERT INTO "SET_OF_SETS" VALUES(25,'warmup',1,1,NULL,NULL,NULL,NULL,NULL,NULL,'warmup',0.0);
INSERT INTO "SET_OF_SETS" VALUES(26,'sprint',1,1,NULL,NULL,NULL,NULL,NULL,NULL,'sprint',0.0);
INSERT INTO "SET_OF_SETS" VALUES(27,'super',2,2,NULL,NULL,NULL,NULL,NULL,NULL,'super',0.0);
INSERT INTO "SET_OF_SETS" VALUES(28,'beast',3,3,NULL,NULL,NULL,NULL,NULL,NULL,'beast',0.0);
INSERT INTO "SET_OF_SETS" VALUES(29,'trifecta',4,4,NULL,NULL,NULL,NULL,NULL,NULL,'trifecta',0.0);
INSERT INTO "SET_OF_SETS" VALUES(30,'cooldown',1,1,NULL,NULL,NULL,NULL,NULL,NULL,'cooldown',0.0);
INSERT INTO "SET_OF_SETS" VALUES(31,'warmup',1,1,NULL,NULL,NULL,NULL,NULL,NULL,'warmup',0.0);
INSERT INTO "SET_OF_SETS" VALUES(32,'sprint',3,3,NULL,NULL,NULL,NULL,NULL,NULL,'sprint',0.0);
INSERT INTO "SET_OF_SETS" VALUES(33,'super',6,6,NULL,NULL,NULL,NULL,NULL,NULL,'super',0.0);
INSERT INTO "SET_OF_SETS" VALUES(34,'beast',8,8,NULL,NULL,NULL,NULL,NULL,NULL,'beast',0.0);
INSERT INTO "SET_OF_SETS" VALUES(35,'trifecta',10,10,NULL,NULL,NULL,NULL,NULL,NULL,'trifecta',0.0);
INSERT INTO "SET_OF_SETS" VALUES(36,'cooldown',1,1,NULL,NULL,NULL,NULL,NULL,NULL,'cooldown',0.0);
CREATE TABLE SPARTAN_WOD(SPARTAN_WOD_ID INTEGER PRIMARY KEY ASC,                         NAME VARCHAR,                         CATEGORY VARCHAR,                         QUOTE VARCHAR,                         QUOTE_BY VARCHAR,                         DESCRIPTION VARCHAR,                         SPECIAL_DAY VARCHAR,                         WARMUP_SET INTEGER,                         MAIN_SET_SPRINT INTEGER,                         MAIN_SET_SUPER INTEGER,                         MAIN_SET_BEAST INTEGER,                         MAIN_SET_TRIFECTA INTEGER,                         COOLDOWN_SET INTEGER,                         FOREIGN KEY(WARMUP_SET) REFERENCES SET_OF_SETS(SET_OF_SETS_ID),                         FOREIGN KEY(MAIN_SET_SPRINT) REFERENCES SET_OF_SETS(SET_OF_SETS_ID),                         FOREIGN KEY(MAIN_SET_SUPER) REFERENCES SET_OF_SETS(SET_OF_SETS_ID),                         FOREIGN KEY(MAIN_SET_BEAST) REFERENCES SET_OF_SETS(SET_OF_SETS_ID),                         FOREIGN KEY(MAIN_SET_TRIFECTA) REFERENCES SET_OF_SETS(SET_OF_SETS_ID),                         FOREIGN KEY(COOLDOWN_SET) REFERENCES SET_OF_SETS(SET_OF_SETS_ID));
INSERT INTO "SPARTAN_WOD" VALUES(1,'A Work of Art','athleticism','The human foot is a masterpiece of engineering and a work of art.','Leonardo da Vinci','Put those feet to good use in this workout. Celebrate your abilities by maximizing them.',NULL,1,2,3,4,5,6);
INSERT INTO "SPARTAN_WOD" VALUES(2,'Burpee-fest','athleticism','From the little spark may burst a mighty flame.','Dante','From a simple bodyweight exercise you can discover an entire world of fitness. Likewise, one simple workout can lead you to brand new capabilities. Burpees are simple and powerful. When in doubt on how to train, do burpees while you think about it. Master the burpee, and everything else will fall into place. How many burpees can you do in one day? If you dont know, find out by scheduling 15 minutes 2-4 times in the day where you can commit to doing burpees. Or, just set aside an hour and go for it!','',7,8,9,10,11,12);
INSERT INTO "SPARTAN_WOD" VALUES(3,'Cheaper than Healthcare','athleticism','','','','',13,14,15,16,17,18);
INSERT INTO "SPARTAN_WOD" VALUES(4,'Do You Dare?','athleticism','It is not because things are difficult that we do not dare; it is because we do not dare that things are difficult.','Seneca','','',19,21,22,23,24,20);
INSERT INTO "SPARTAN_WOD" VALUES(5,'Fast Intervals','athleticism','To be is to do.','Immanuel Kant','','',25,26,27,28,29,30);
INSERT INTO "SPARTAN_WOD" VALUES(6,'Fathers Day WOD','athleticism','One father is more than a hundred schoolmasters.','George Herbert','Todays Fathers Day workout is meant for you and your kids to do together. Show your children how far you can push yourself by doing as many sets as you can. Repeat up to 10x. If your kid(s) get tired, pick them up and carry them on your back, then finish your sets!  Finish by stretching with your kids.','Fathers Day',31,32,33,34,35,36);
CREATE TABLE EXERCISE(EXERCISE_ID INTEGER PRIMARY KEY ASC,                      NAME VARCHAR,                      CATEGORY VARCHAR,                      DEMO_URL VARCHAR,                      GENERAL_MUSCLE_GROUP VARCHAR,                      TARGET_MUSCLE_GROUP VARCHAR,                      LOC_INDOORS INTEGER,                      LOC_OUTDOORS INTEGER,                      EQ_JUMP_ROPE INTEGER,                      EQ_PULLUP_BAR INTEGER,                      EQ_WEIGHTS INTEGER,                      EQ_KETTLE_BELLS INTEGER,                      EQ_HEAVY_OBJECT INTEGER,                      EQ_TRX INTEGER,                      EQ_MED_BALL INTEGER,                      EQ_BOX INTEGER,                      EQ_SQUAT_RACK INTEGER,                      EQ_TREADMILL INTEGER,                      EQ_TRACK INTEGER,                      EQ_TRAIL INTEGER,                      EQ_HILLS INTEGER,                      EQ_POOL INTEGER,                      EQ_BIKE INTEGER,                      EQ_ROW_MACHINE INTEGER,                      EQ_ROPE,                      CALORIES FLOAT,                      CALORIES_MEASURED_IN VARCHAR);
INSERT INTO "EXERCISE" VALUES(1,'arm curls','strength','https://www.youtube.com/watch?v=kwG2ipFRgfo','upper body','arms',2,2,0,0,2,2,2,2,0,0,0,0,0,0,0,0,0,0,0,0.23333,'reps');
INSERT INTO "EXERCISE" VALUES(2,'back extension','strength','https://www.youtube.com/watch?v=Bw9YuQTTc58','upper body','back',2,2,0,0,0,0,0,0,0,0,0,0,2,0,0,0,0,0,0,0.23333,'reps');
INSERT INTO "EXERCISE" VALUES(3,'bear crawl','athleticism','https://www.youtube.com/watch?v=WMXbyYpZ9oY','full body','full body',2,2,0,0,0,0,0,0,0,0,0,0,2,2,0,0,0,0,0,607.84,'miles');
INSERT INTO "EXERCISE" VALUES(4,'belly crawl','athleticism','https://www.youtube.com/watch?v=cLwS1xkOLas','upper body','arms',2,2,0,0,0,0,0,0,0,0,0,0,0,0,0,0,0,0,0,300.0,'miles');
INSERT INTO "EXERCISE" VALUES(5,'bodyweight circuit','strength','','full body','full body',2,2,0,2,0,0,0,2,0,2,0,0,2,2,0,0,0,0,0,0.6666,'reps');
INSERT INTO "EXERCISE" VALUES(6,'bodyweight squat','strength','https://www.youtube.com/watch?v=p3g4wAsu0R4','lower body','legs',2,2,0,0,0,0,0,2,0,0,0,0,2,2,0,0,0,0,0,0.5787,'reps');
INSERT INTO "EXERCISE" VALUES(7,'box jump','strength','https://www.youtube.com/watch?v=hxldG9FX4j4','lower body','legs',2,2,0,0,0,0,0,0,0,1,0,0,0,0,0,0,0,0,0,0.5,'reps');
INSERT INTO "EXERCISE" VALUES(8,'box jump burpee','athleticism','https://www.youtube.com/watch?v=kiOcwv7YE6c','full body','full body',2,2,0,0,0,0,0,0,0,1,0,0,0,0,0,0,0,0,0,0.6666,'reps');
INSERT INTO "EXERCISE" VALUES(9,'brazilian ab twist','strength','https://www.youtube.com/watch?v=iUk5T87cf34','upper body','core',2,2,0,0,0,0,0,0,0,0,0,0,2,0,0,0,0,0,0,0.1227,'reps');
INSERT INTO "EXERCISE" VALUES(10,'burpee','athleticism','https://www.youtube.com/watch?v=JZQA08SlJnM','full body','full body',2,2,0,0,0,0,0,0,0,0,0,0,2,2,0,0,0,0,0,0.6666,'reps');
INSERT INTO "EXERCISE" VALUES(11,'burpee pull-up','strength','https://www.youtube.com/watch?v=kAvZoa5iexA','full body','full body',2,2,0,1,0,0,0,0,0,0,0,0,0,0,0,0,0,0,0,1.0,'reps');
INSERT INTO "EXERCISE" VALUES(12,'chest pass','athleticism','https://www.youtube.com/watch?v=FUdcjZ0weic','upper body','chest',2,2,0,0,0,0,0,0,1,0,0,0,0,0,0,0,0,0,0,0.5427,'reps');
INSERT INTO "EXERCISE" VALUES(13,'chore','active rest','','full body','full body',2,2,0,0,0,0,0,0,0,0,0,0,0,0,0,0,0,0,0,3.0,'minutes');
INSERT INTO "EXERCISE" VALUES(14,'crunch','strength','https://www.youtube.com/watch?v=Xyd_fa5zoEU','upper body','core',2,2,0,0,0,0,0,0,0,0,0,0,2,2,0,0,0,0,0,0.1666,'reps');
INSERT INTO "EXERCISE" VALUES(15,'curl','strength','https://www.youtube.com/watch?v=oUqgPSZmhro','upper body','arms',2,2,0,0,2,2,2,2,0,0,0,0,0,0,0,0,0,0,0,0.23333,'reps');
INSERT INTO "EXERCISE" VALUES(16,'cycling','endurance','','lower body','legs',2,2,0,0,0,0,0,0,0,0,0,0,0,2,2,0,1,0,0,14.0,'minutes');
INSERT INTO "EXERCISE" VALUES(17,'dog walking','active rest','','lower body','legs',0,1,0,0,0,0,0,0,0,0,0,0,0,2,2,0,0,0,0,60.0,'miles');
INSERT INTO "EXERCISE" VALUES(18,'double leg butt kicks','warmup','https://www.youtube.com/watch?v=F5iYMAkGaY8','lower body','legs',2,2,0,0,0,0,0,0,0,0,0,0,2,2,0,0,0,0,0,0.3333,'reps');
INSERT INTO "EXERCISE" VALUES(19,'drop push-up','strength','https://www.youtube.com/watch?v=y9aAhXt2wYk','full body','full body',2,2,0,0,0,0,0,0,0,0,0,0,2,2,0,0,0,0,0,0.6666,'reps');
INSERT INTO "EXERCISE" VALUES(20,'dynamic warm up','warmup','','full body','full body',2,2,0,0,0,0,0,0,0,0,0,0,2,2,0,0,0,0,0,3.0,'minutes');
INSERT INTO "EXERCISE" VALUES(21,'easy jog','warmup','https://www.youtube.com/watch?v=BgZdwy1FO4Y','full body','full body',2,2,0,0,0,0,0,0,0,0,0,2,2,2,0,0,0,0,0,136.0,'miles');
INSERT INTO "EXERCISE" VALUES(22,'explosive broad jump','athleticism','https://www.youtube.com/watch?v=ko22JMOkzQQ','lower body','legs',2,2,0,0,0,0,0,0,0,0,0,0,2,2,0,0,0,0,0,0.6666,'reps');
INSERT INTO "EXERCISE" VALUES(23,'flutter kick','strength','https://www.youtube.com/watch?v=ANVdMDaYRts','full body','full body',2,2,0,0,0,0,0,0,0,0,0,0,2,2,0,0,0,0,0,0.1666,'reps');
INSERT INTO "EXERCISE" VALUES(24,'glute kickback','athleticism','https://www.youtube.com/watch?v=h4439IQFAqI','lower body','legs',2,2,0,0,0,0,0,0,0,0,0,0,2,2,0,0,0,0,0,0.3333,'reps');
INSERT INTO "EXERCISE" VALUES(25,'handstand hold','strength','https://www.youtube.com/watch?v=h4439IQFAqI','upper body','arms',2,2,0,0,0,0,0,0,0,0,0,0,2,0,0,0,0,0,0,8.2,'minutes');
INSERT INTO "EXERCISE" VALUES(26,'hanging knee raise','strength','https://www.youtube.com/watch?v=PGSKkNB1Oyk','full body','core',2,2,0,1,0,0,0,0,0,0,0,0,0,0,0,0,0,0,0,0.2666,'reps');
INSERT INTO "EXERCISE" VALUES(27,'high knee','warmup','https://www.youtube.com/watch?v=8opcQdC-V-U','full body','full body',2,2,0,0,0,0,0,0,0,0,0,0,2,2,0,0,0,0,0,0.3333,'reps');
INSERT INTO "EXERCISE" VALUES(28,'hiking','active rest','','full body','full body',0,1,0,0,0,0,0,0,0,0,0,0,0,0,1,0,0,0,0,70.0,'miles');
INSERT INTO "EXERCISE" VALUES(29,'hill interval','athleticism','','full body','full body',2,2,0,0,0,0,0,0,0,0,0,2,0,2,1,0,0,0,0,100.0,'miles');
INSERT INTO "EXERCISE" VALUES(30,'inverted pull-up','strength','https://www.youtube.com/watch?v=lgsyUiB6occ','upper body','upper body',1,0,0,0,0,0,0,0,0,0,1,0,0,0,0,0,0,0,0,0.2733,'reps');
INSERT INTO "EXERCISE" VALUES(31,'isometric lunge hold','strength','https://www.youtube.com/watch?v=u-bhL8zo570','lower body','legs',2,2,0,0,0,0,0,0,0,0,0,0,2,2,0,0,0,0,0,8.2,'minutes');
INSERT INTO "EXERCISE" VALUES(32,'isometric wiper','strength','https://www.youtube.com/watch?v=VxrSMH5vVWY','upper body','arms',2,2,0,0,0,0,0,0,0,0,0,0,2,2,0,0,0,0,0,0.3333,'reps');
INSERT INTO "EXERCISE" VALUES(33,'jog','endurance','https://www.youtube.com/watch?v=VxrSMH5vVWY','full body','full body',2,2,0,0,0,0,0,0,0,0,0,2,2,2,0,0,0,0,0,200.0,'miles');
INSERT INTO "EXERCISE" VALUES(34,'jump rope','warmup','https://www.youtube.com/watch?v=GRStB06uhgE','full body','full body',2,2,1,0,0,0,0,0,0,0,0,0,0,0,0,0,0,0,0,14.288,'minutes');
INSERT INTO "EXERCISE" VALUES(35,'jumping jack','warmup','https://www.youtube.com/watch?v=c4DAnQ6DtF8','full body','full body',2,2,0,0,0,0,0,0,0,0,0,0,2,2,0,0,0,0,0,0.2381,'reps');
INSERT INTO "EXERCISE" VALUES(36,'jumping lunge','athleticism','https://www.youtube.com/watch?v=Kw4QpPfX-cU','lower body','legs',2,2,0,0,0,0,0,0,0,0,0,0,2,2,0,0,0,0,0,0.3333,'reps');
INSERT INTO "EXERCISE" VALUES(37,'kettle bell 1-arm overhead farmer''s carry','strength','https://www.youtube.com/watch?v=uT1LV1eLcdM','upper body','upper body',2,2,0,0,0,1,0,0,0,0,0,0,0,0,0,0,0,0,0,100.0,'miles');
INSERT INTO "EXERCISE" VALUES(38,'kettle bell swing','strength','https://www.youtube.com/watch?v=OopKTfLiz48','full body','full body',2,2,0,0,2,2,0,0,0,0,0,0,0,0,0,0,0,0,0,2.0,'reps');
INSERT INTO "EXERCISE" VALUES(39,'laying leg raise','athleticism','https://www.youtube.com/watch?v=xqTh6NqbAtM','lower body','core',2,2,0,0,0,0,0,0,0,0,0,0,2,2,0,0,0,0,0,0.1666,'reps');
INSERT INTO "EXERCISE" VALUES(40,'run','endurance','https://www.youtube.com/watch?v=wCVSv7UxB2E','full body','full body',2,2,0,0,0,0,0,0,0,0,0,2,2,2,2,0,0,0,0,350.0,'miles');
INSERT INTO "EXERCISE" VALUES(41,'mountain climber','endurance','https://www.youtube.com/watch?v=nmwgirgXLYM','full body','full body',2,2,0,0,0,0,0,0,0,0,0,0,2,2,0,0,0,0,0,0.5555,'reps');
INSERT INTO "EXERCISE" VALUES(42,'muscle-up','strength','https://youtu.be/ZEDY9QNBKe4','upper body','upper body',1,0,0,1,0,0,0,0,0,0,0,0,0,0,0,0,0,0,0,1.0,'reps');
INSERT INTO "EXERCISE" VALUES(43,'pistol squat','strength','https://www.youtube.com/watch?v=7NvOuty_Fnc','lower body','legs',2,2,0,0,0,0,0,0,0,0,0,0,2,2,0,0,0,0,0,1.0,'reps');
INSERT INTO "EXERCISE" VALUES(44,'plank','strength','https://www.youtube.com/watch?v=pSHjTRCQxIw','upper body','core',2,2,0,0,0,0,0,0,0,0,0,0,2,2,0,0,0,0,0,3.68,'minutes');
INSERT INTO "EXERCISE" VALUES(45,'plyometric push-up','strength','https://www.youtube.com/watch?v=mgkyTtQ0ODE','upper body','upper body',2,2,0,0,0,0,0,0,0,0,0,0,2,2,0,0,0,0,0,0.4,'reps');
INSERT INTO "EXERCISE" VALUES(46,'power skip','warmup','https://www.youtube.com/watch?v=NCY9gFsZk9Y','full body','full body',2,2,0,0,0,0,0,0,0,0,0,0,2,2,0,0,0,0,0,0.3333,'reps');
INSERT INTO "EXERCISE" VALUES(47,'pull-up','warmup','https://www.youtube.com/watch?v=NCY9gFsZk9Y','upper body','upper body',2,2,0,1,0,0,0,0,0,0,0,0,0,0,0,0,0,0,0,1.0,'reps');
INSERT INTO "EXERCISE" VALUES(48,'push-up','warmup','https://www.youtube.com/watch?v=NCY9gFsZk9Y','upper body','upper body',2,2,0,0,0,0,0,0,0,0,0,0,2,2,0,0,0,0,0,0.384,'reps');
INSERT INTO "EXERCISE" VALUES(49,'recover','rest','https://www.youtube.com/watch?v=NCY9gFsZk9Y','full body','full body',2,2,2,2,2,2,2,2,2,2,2,2,2,2,2,2,2,2,2,0.01,'minutes');
INSERT INTO "EXERCISE" VALUES(50,'rope climb','rest','https://www.youtube.com/watch?v=AD0uO7JGdZU','full body','full body',2,2,0,0,0,0,0,0,0,0,0,0,0,0,0,0,0,0,1,1.32,'reps');
INSERT INTO "EXERCISE" VALUES(51,'row','endurance','','full body','full body',1,0,0,0,0,0,0,0,0,0,0,0,0,0,0,0,0,1,0,8.21,'minutes');
INSERT INTO "EXERCISE" VALUES(52,'sandbag/medicine ball slam','strength','https://www.youtube.com/watch?v=Y2wSD7spnxk','full body','full body',2,2,0,0,0,0,0,0,1,0,0,0,2,2,0,0,0,0,0,0.2,'reps');
INSERT INTO "EXERCISE" VALUES(53,'sandbag squat','strength','https://www.youtube.com/watch?v=U9yK6rHy40A','lower body','lower body',2,2,0,0,2,2,2,0,2,0,0,0,2,2,0,0,0,0,0,0.3,'reps');
INSERT INTO "EXERCISE" VALUES(54,'sandbag squat throw','strength','https://www.youtube.com/watch?v=R-zLekvxzpg','full body','full body',2,2,0,0,0,0,2,0,2,0,0,0,2,2,0,0,0,0,0,0.3333,'reps');
INSERT INTO "EXERCISE" VALUES(55,'shuttle run','strength','https://www.youtube.com/watch?v=Zcj_xdwLnNc','full body','full body',2,2,0,0,0,0,0,0,0,0,0,0,2,2,0,0,0,0,0,400.0,'miles');
INSERT INTO "EXERCISE" VALUES(56,'side kick','warmup','https://www.youtube.com/watch?v=MsmmbeXJ6Lw','lower body','lower body',2,2,0,0,0,0,0,0,0,0,0,0,2,2,0,0,0,0,0,0.18,'reps');
INSERT INTO "EXERCISE" VALUES(57,'side plank','strength','https://www.youtube.com/watch?v=6cRAFji80CQ','upper body','core',2,2,0,0,0,0,0,0,0,0,0,0,2,2,0,0,0,0,0,3.68,'minutes');
INSERT INTO "EXERCISE" VALUES(58,'side-to-side hop','athleticism','https://www.youtube.com/watch?v=_AVX9cpPzks','upper body','core',2,2,0,0,0,0,0,0,0,0,0,0,2,2,0,0,0,0,0,0.2381,'reps');
INSERT INTO "EXERCISE" VALUES(59,'sit-up','strength','https://www.youtube.com/watch?v=1fbU_MkV7NE','upper body','core',2,2,0,0,0,0,0,0,0,0,0,0,2,2,0,0,0,0,0,0.1666,'reps');
INSERT INTO "EXERCISE" VALUES(60,'speed skater','athleticism','https://www.youtube.com/watch?v=EkESodXYDRM','full body','full body',2,2,0,0,0,0,0,0,0,0,0,0,2,2,0,0,0,0,0,0.2381,'reps');
INSERT INTO "EXERCISE" VALUES(61,'spiderman push-up','strength','https://www.youtube.com/watch?v=fKBeHALPsSU','upper body','upper body',2,2,0,0,0,0,0,0,0,0,0,0,2,2,0,0,0,0,0,0.4,'reps');
INSERT INTO "EXERCISE" VALUES(62,'squat jump','strength','https://www.youtube.com/watch?v=DeTBwEL4m7s','lower body','lower body',2,2,0,0,0,0,0,0,0,0,0,0,2,2,0,0,0,0,0,0.3333,'reps');
INSERT INTO "EXERCISE" VALUES(63,'star jump','athleticism','https://www.youtube.com/watch?v=h6wu4_LOhyU','full body','full body',2,2,0,0,0,0,0,0,0,0,0,0,2,2,0,0,0,0,0,0.3333,'reps');
INSERT INTO "EXERCISE" VALUES(64,'stretch','cooldown','','full body','full body',2,2,0,0,0,0,0,0,0,0,0,0,2,2,0,0,0,0,0,0.01,'minutes');
INSERT INTO "EXERCISE" VALUES(65,'swimming','endurance','','full body','full body',2,2,0,0,0,0,0,0,0,0,0,0,0,0,0,1,0,0,0,8.3333,'minutes');
INSERT INTO "EXERCISE" VALUES(66,'trail run','endurance','','full body','full body',0,1,0,0,0,0,0,0,0,0,0,0,0,1,0,0,0,0,0,350.0,'miles');
INSERT INTO "EXERCISE" VALUES(67,'tricep overhead extension','strength','https://www.youtube.com/watch?v=YbX7Wd8jQ-Q','upper body','arms',2,2,0,0,2,2,2,0,0,0,0,0,0,2,0,0,0,0,0,0.2733,'reps');
INSERT INTO "EXERCISE" VALUES(68,'uphill dash','athleticism','','full body','full body',0,1,0,0,0,0,0,0,0,0,0,0,0,2,1,0,0,0,0,120.0,'miles');
INSERT INTO "EXERCISE" VALUES(69,'vertical jump','athleticism','https://www.youtube.com/watch?v=K9zzVwMyD1g','lower body','lower body',2,2,0,0,0,0,0,0,0,0,0,0,2,2,0,0,0,0,0,0.3333,'reps');
INSERT INTO "EXERCISE" VALUES(70,'walk','active rest','','lower body','lower body',2,2,0,0,0,0,0,0,0,0,0,2,2,2,0,0,0,0,0,50.0,'miles');
INSERT INTO "EXERCISE" VALUES(71,'walking lunge','strength','https://www.youtube.com/watch?v=L8fvypPrzzs','lower body','legs',2,2,0,0,0,0,0,0,0,0,0,0,2,2,0,0,0,0,0,0.2644,'reps');
INSERT INTO "EXERCISE" VALUES(72,'wide push-up','strength','https://www.youtube.com/watch?v=B78GwfC-87Y','upper body','chest',2,2,0,0,0,0,0,0,0,0,0,0,2,2,0,0,0,0,0,0.384,'reps');
INSERT INTO "EXERCISE" VALUES(73,'yoga','active recovery','','full body','full body',2,2,0,0,0,0,0,0,0,0,0,0,2,2,0,0,0,0,0,0.1,'minutes');
INSERT INTO "EXERCISE" VALUES(74,'recover','active recovery','','full body','full body',2,2,0,0,0,0,0,0,0,0,0,0,2,2,2,2,2,2,0,0.001,'minutes');
INSERT INTO "EXERCISE" VALUES(75,'medicine ball situp','strength','','upper body','abs',2,2,0,0,0,0,0,0,0,0,0,0,0,0,0,0,0,0,0,0.001,'minutes');
CREATE TABLE EXERCISE_SET(EXERCISE_SET_ID INTEGER PRIMARY KEY ASC,                          DIRECTION VARCHAR,                          EXERCISE_ID INTEGER,                          TYPE VARCHAR,                          REPS_MIN INTEGER,                          REPS_MAX INTEGER,                          DURATION_MIN FLOAT,                          DURATION_MAX FLOAT,                          DIST_MIN FLOAT,                          DIST_MAX FLOAT,                          REST_DURATION_MIN INTEGER,                          REST_DURATION_MAX INTEGER,                          CALORIES FLOAT,                          FOREIGN KEY(EXERCISE_ID) REFERENCES EXERCISE(EXERCISE_ID));
INSERT INTO "EXERCISE_SET" VALUES(1,NULL,20,'warmup',NULL,NULL,5.0,10.0,NULL,NULL,NULL,NULL,45.0);
INSERT INTO "EXERCISE_SET" VALUES(2,NULL,40,'warmup',NULL,NULL,10.0,10.0,NULL,NULL,NULL,NULL,350.0);
INSERT INTO "EXERCISE_SET" VALUES(3,'',40,'sprint',NULL,NULL,NULL,NULL,0.5,0.5,NULL,NULL,175.0);
INSERT INTO "EXERCISE_SET" VALUES(4,'',40,'super',NULL,NULL,NULL,NULL,0.5,0.5,NULL,NULL,175.0);
INSERT INTO "EXERCISE_SET" VALUES(5,'',40,'beast',NULL,NULL,NULL,NULL,0.5,0.5,NULL,NULL,175.0);
INSERT INTO "EXERCISE_SET" VALUES(6,'',40,'trifecta',NULL,NULL,NULL,NULL,0.5,0.5,NULL,NULL,175.0);
INSERT INTO "EXERCISE_SET" VALUES(7,'',10,'sprint',10,10,NULL,NULL,NULL,NULL,NULL,NULL,6.666);
INSERT INTO "EXERCISE_SET" VALUES(8,'',10,'super',10,10,NULL,NULL,NULL,NULL,NULL,NULL,6.666);
INSERT INTO "EXERCISE_SET" VALUES(9,'',10,'beast',10,10,NULL,NULL,NULL,NULL,NULL,NULL,6.666);
INSERT INTO "EXERCISE_SET" VALUES(10,'',10,'trifecta',10,10,NULL,NULL,NULL,NULL,NULL,NULL,6.666);
INSERT INTO "EXERCISE_SET" VALUES(11,'',70,'sprint',NULL,NULL,NULL,NULL,0.125,0.25,NULL,NULL,9.375);
INSERT INTO "EXERCISE_SET" VALUES(12,'',70,'super',NULL,NULL,NULL,NULL,0.125,0.25,NULL,NULL,9.375);
INSERT INTO "EXERCISE_SET" VALUES(13,'',70,'beast',NULL,NULL,NULL,NULL,0.125,0.25,NULL,NULL,9.375);
INSERT INTO "EXERCISE_SET" VALUES(14,'',70,'trifecta',NULL,NULL,NULL,NULL,0.125,0.25,NULL,NULL,9.375);
INSERT INTO "EXERCISE_SET" VALUES(15,'',64,'cooldown',NULL,NULL,5.0,10.0,NULL,NULL,NULL,NULL,0.075);
INSERT INTO "EXERCISE_SET" VALUES(16,'',10,'sprint',300,300,NULL,NULL,NULL,NULL,NULL,NULL,199.98);
INSERT INTO "EXERCISE_SET" VALUES(17,'',10,'super',600,600,NULL,NULL,NULL,NULL,NULL,NULL,399.96);
INSERT INTO "EXERCISE_SET" VALUES(18,'',10,'beast',900,900,NULL,NULL,NULL,NULL,NULL,NULL,599.94);
INSERT INTO "EXERCISE_SET" VALUES(19,'',10,'trifecta',1200,1200,NULL,NULL,NULL,NULL,NULL,NULL,799.92);
INSERT INTO "EXERCISE_SET" VALUES(20,'',41,'sprint',30,30,NULL,NULL,NULL,NULL,NULL,NULL,16.665);
INSERT INTO "EXERCISE_SET" VALUES(21,'',41,'super',30,30,NULL,NULL,NULL,NULL,NULL,NULL,16.665);
INSERT INTO "EXERCISE_SET" VALUES(22,'',41,'beast',30,30,NULL,NULL,NULL,NULL,NULL,NULL,16.665);
INSERT INTO "EXERCISE_SET" VALUES(23,'',41,'trifecta',30,30,NULL,NULL,NULL,NULL,NULL,NULL,16.665);
INSERT INTO "EXERCISE_SET" VALUES(24,'',61,'sprint',15,15,NULL,NULL,NULL,NULL,NULL,NULL,6.0);
INSERT INTO "EXERCISE_SET" VALUES(25,'',61,'super',15,15,NULL,NULL,NULL,NULL,NULL,NULL,6.0);
INSERT INTO "EXERCISE_SET" VALUES(26,'',61,'beast',15,15,NULL,NULL,NULL,NULL,NULL,NULL,6.0);
INSERT INTO "EXERCISE_SET" VALUES(27,'',61,'trifecta',15,15,NULL,NULL,NULL,NULL,NULL,NULL,6.0);
INSERT INTO "EXERCISE_SET" VALUES(28,'',44,'sprint',NULL,NULL,1.0,1.0,NULL,NULL,NULL,NULL,3.68);
INSERT INTO "EXERCISE_SET" VALUES(29,'',44,'super',NULL,NULL,1.0,1.0,NULL,NULL,NULL,NULL,3.68);
INSERT INTO "EXERCISE_SET" VALUES(30,'',44,'beast',NULL,NULL,1.0,1.0,NULL,NULL,NULL,NULL,3.68);
INSERT INTO "EXERCISE_SET" VALUES(31,'',44,'trifecta',NULL,NULL,1.0,1.0,NULL,NULL,NULL,NULL,3.68);
INSERT INTO "EXERCISE_SET" VALUES(32,'',30,'sprint',15,15,NULL,NULL,NULL,NULL,NULL,NULL,4.0995);
INSERT INTO "EXERCISE_SET" VALUES(33,'',30,'super',15,15,NULL,NULL,NULL,NULL,NULL,NULL,4.0995);
INSERT INTO "EXERCISE_SET" VALUES(34,'',30,'beast',15,15,NULL,NULL,NULL,NULL,NULL,NULL,4.0995);
INSERT INTO "EXERCISE_SET" VALUES(35,'',30,'trifecta',15,15,NULL,NULL,NULL,NULL,NULL,NULL,4.0995);
INSERT INTO "EXERCISE_SET" VALUES(36,'',75,'sprint',NULL,NULL,30.0,30.0,NULL,NULL,NULL,NULL,0.03);
INSERT INTO "EXERCISE_SET" VALUES(37,'',75,'super',NULL,NULL,30.0,30.0,NULL,NULL,NULL,NULL,0.03);
INSERT INTO "EXERCISE_SET" VALUES(38,'',75,'beast',NULL,NULL,30.0,30.0,NULL,NULL,NULL,NULL,0.03);
INSERT INTO "EXERCISE_SET" VALUES(39,'',75,'trifecta',NULL,NULL,30.0,30.0,NULL,NULL,NULL,NULL,0.03);
INSERT INTO "EXERCISE_SET" VALUES(40,'',62,'sprint',15,15,NULL,NULL,NULL,NULL,NULL,NULL,4.9995);
INSERT INTO "EXERCISE_SET" VALUES(41,'',62,'super',15,15,NULL,NULL,NULL,NULL,NULL,NULL,4.9995);
INSERT INTO "EXERCISE_SET" VALUES(42,'',62,'beast',15,15,NULL,NULL,NULL,NULL,NULL,NULL,4.9995);
INSERT INTO "EXERCISE_SET" VALUES(43,'',62,'trifecta',15,15,NULL,NULL,NULL,NULL,NULL,NULL,4.9995);
INSERT INTO "EXERCISE_SET" VALUES(44,'',33,'trifecta',NULL,NULL,NULL,NULL,0.5,2.0,NULL,NULL,250.0);
INSERT INTO "EXERCISE_SET" VALUES(45,'',43,'warmup',10,10,NULL,NULL,NULL,NULL,NULL,NULL,10.0);
INSERT INTO "EXERCISE_SET" VALUES(46,'',45,'warmup',10,10,NULL,NULL,NULL,NULL,NULL,NULL,4.0);
INSERT INTO "EXERCISE_SET" VALUES(47,'',24,'warmup',10,10,NULL,NULL,NULL,NULL,NULL,NULL,3.333);
INSERT INTO "EXERCISE_SET" VALUES(48,'',68,'sprint',NULL,NULL,NULL,NULL,0.0625,0.0625,NULL,NULL,7.5);
INSERT INTO "EXERCISE_SET" VALUES(49,'',68,'super',NULL,NULL,NULL,NULL,0.0625,0.0625,NULL,NULL,7.5);
INSERT INTO "EXERCISE_SET" VALUES(50,'',68,'beast',NULL,NULL,NULL,NULL,0.0625,0.0625,NULL,NULL,7.5);
INSERT INTO "EXERCISE_SET" VALUES(51,'',68,'trifecta',NULL,NULL,NULL,NULL,0.0625,0.0625,NULL,NULL,7.5);
INSERT INTO "EXERCISE_SET" VALUES(52,'',66,'sprint',NULL,NULL,NULL,NULL,3.0,4.0,NULL,NULL,1225.0);
INSERT INTO "EXERCISE_SET" VALUES(53,'',66,'super',NULL,NULL,NULL,NULL,4.0,5.0,NULL,NULL,1575.0);
INSERT INTO "EXERCISE_SET" VALUES(54,'',66,'beast',NULL,NULL,NULL,NULL,5.0,6.0,NULL,NULL,1925.0);
INSERT INTO "EXERCISE_SET" VALUES(55,'',66,'trifecta',NULL,NULL,NULL,NULL,6.0,7.0,NULL,NULL,2275.0);
INSERT INTO "EXERCISE_SET" VALUES(56,'',33,'warmup',NULL,NULL,NULL,NULL,0.5,2.0,NULL,NULL,250.0);
INSERT INTO "EXERCISE_SET" VALUES(57,'',33,'trifecta',NULL,NULL,NULL,NULL,0.5,2.0,NULL,NULL,250.0);
INSERT INTO "EXERCISE_SET" VALUES(58,'',10,'warmup',10,10,NULL,NULL,NULL,NULL,NULL,NULL,6.666);
INSERT INTO "EXERCISE_SET" VALUES(59,'',10,'trifecta',10,10,NULL,NULL,NULL,NULL,NULL,NULL,6.666);
INSERT INTO "EXERCISE_SET" VALUES(60,'',40,'sprint',NULL,NULL,NULL,NULL,0.25,0.25,NULL,NULL,87.5);
INSERT INTO "EXERCISE_SET" VALUES(61,'',40,'super',NULL,NULL,NULL,NULL,0.25,0.25,NULL,NULL,87.5);
INSERT INTO "EXERCISE_SET" VALUES(62,'',40,'beast',NULL,NULL,NULL,NULL,0.25,0.25,NULL,NULL,87.5);
INSERT INTO "EXERCISE_SET" VALUES(63,'',40,'trifecta',NULL,NULL,NULL,NULL,0.25,0.25,NULL,NULL,87.5);
INSERT INTO "EXERCISE_SET" VALUES(64,'',39,'sprint',5,15,NULL,NULL,NULL,NULL,NULL,NULL,1.666);
INSERT INTO "EXERCISE_SET" VALUES(65,'',39,'super',5,15,NULL,NULL,NULL,NULL,NULL,NULL,1.666);
INSERT INTO "EXERCISE_SET" VALUES(66,'',39,'beast',5,15,NULL,NULL,NULL,NULL,NULL,NULL,1.666);
INSERT INTO "EXERCISE_SET" VALUES(67,'',39,'trifecta',5,15,NULL,NULL,NULL,NULL,NULL,NULL,1.666);
INSERT INTO "EXERCISE_SET" VALUES(68,'',44,'sprint',NULL,NULL,0.5,0.5,NULL,NULL,NULL,NULL,1.84);
INSERT INTO "EXERCISE_SET" VALUES(69,'',44,'super',NULL,NULL,0.5,0.5,NULL,NULL,NULL,NULL,1.84);
INSERT INTO "EXERCISE_SET" VALUES(70,'',44,'beast',NULL,NULL,0.5,0.5,NULL,NULL,NULL,NULL,1.84);
INSERT INTO "EXERCISE_SET" VALUES(71,'',44,'trifecta',NULL,NULL,0.5,0.5,NULL,NULL,NULL,NULL,1.84);
INSERT INTO "EXERCISE_SET" VALUES(72,'',49,'sprint',NULL,NULL,0.5,0.5,NULL,NULL,NULL,NULL,0.005);
INSERT INTO "EXERCISE_SET" VALUES(73,'',49,'super',NULL,NULL,0.5,0.5,NULL,NULL,NULL,NULL,0.005);
INSERT INTO "EXERCISE_SET" VALUES(74,'',49,'beast',NULL,NULL,0.5,0.5,NULL,NULL,NULL,NULL,0.005);
INSERT INTO "EXERCISE_SET" VALUES(75,'',49,'trifecta',NULL,NULL,0.5,0.5,NULL,NULL,NULL,NULL,0.005);
INSERT INTO "EXERCISE_SET" VALUES(76,'',41,'sprint',10,30,NULL,NULL,NULL,NULL,NULL,NULL,11.11);
INSERT INTO "EXERCISE_SET" VALUES(77,'',41,'super',10,30,NULL,NULL,NULL,NULL,NULL,NULL,11.11);
INSERT INTO "EXERCISE_SET" VALUES(78,'',41,'beast',10,30,NULL,NULL,NULL,NULL,NULL,NULL,11.11);
INSERT INTO "EXERCISE_SET" VALUES(79,'',41,'trifecta',10,30,NULL,NULL,NULL,NULL,NULL,NULL,11.11);
INSERT INTO "EXERCISE_SET" VALUES(80,'',35,'warmup',75,75,NULL,NULL,NULL,NULL,NULL,NULL,17.8575);
INSERT INTO "EXERCISE_SET" VALUES(81,'',10,'sprint',5,5,NULL,NULL,NULL,NULL,NULL,NULL,3.333);
INSERT INTO "EXERCISE_SET" VALUES(82,'',10,'super',5,5,NULL,NULL,NULL,NULL,NULL,NULL,3.333);
INSERT INTO "EXERCISE_SET" VALUES(83,'',10,'beast',5,5,NULL,NULL,NULL,NULL,NULL,NULL,3.333);
INSERT INTO "EXERCISE_SET" VALUES(84,'',10,'trifecta',5,5,NULL,NULL,NULL,NULL,NULL,NULL,3.333);
INSERT INTO "EXERCISE_SET" VALUES(85,'',71,'sprint',10,10,NULL,NULL,NULL,NULL,NULL,NULL,2.644);
INSERT INTO "EXERCISE_SET" VALUES(86,'',71,'super',10,10,NULL,NULL,NULL,NULL,NULL,NULL,2.644);
INSERT INTO "EXERCISE_SET" VALUES(87,'',71,'beast',10,10,NULL,NULL,NULL,NULL,NULL,NULL,2.644);
INSERT INTO "EXERCISE_SET" VALUES(88,'',71,'trifecta',10,10,NULL,NULL,NULL,NULL,NULL,NULL,2.644);
INSERT INTO "EXERCISE_SET" VALUES(89,'',40,'sprint',NULL,NULL,NULL,NULL,0.1,0.25,NULL,NULL,61.25);
INSERT INTO "EXERCISE_SET" VALUES(90,'',40,'super',NULL,NULL,NULL,NULL,0.1,0.25,NULL,NULL,61.25);
INSERT INTO "EXERCISE_SET" VALUES(91,'',40,'beast',NULL,NULL,NULL,NULL,0.1,0.25,NULL,NULL,61.25);
INSERT INTO "EXERCISE_SET" VALUES(92,'',40,'trifecta',NULL,NULL,NULL,NULL,0.1,0.25,NULL,NULL,61.25);
CREATE TABLE EXERCISE_SET_JOIN(EXERCISE_SET_JOIN_ID INTEGER PRIMARY KEY ASC,                               SET_OF_SETS_ID INTEGER,                               EXERCISE_SET_ID INTEGER,                               SET_ORDER INTEGER,                               FOREIGN KEY(SET_OF_SETS_ID) REFERENCES SET_OF_SETS(SET_OF_SETS_ID),                               FOREIGN KEY(EXERCISE_SET_ID) REFERENCES EXERCISE_SET(EXERCISE_SET_ID));
INSERT INTO "EXERCISE_SET_JOIN" VALUES(1,1,1,1);
INSERT INTO "EXERCISE_SET_JOIN" VALUES(2,1,2,2);
INSERT INTO "EXERCISE_SET_JOIN" VALUES(3,2,3,1);
INSERT INTO "EXERCISE_SET_JOIN" VALUES(4,2,7,2);
INSERT INTO "EXERCISE_SET_JOIN" VALUES(5,2,11,3);
INSERT INTO "EXERCISE_SET_JOIN" VALUES(6,2,7,4);
INSERT INTO "EXERCISE_SET_JOIN" VALUES(7,2,3,5);
INSERT INTO "EXERCISE_SET_JOIN" VALUES(8,2,11,6);
INSERT INTO "EXERCISE_SET_JOIN" VALUES(9,3,4,1);
INSERT INTO "EXERCISE_SET_JOIN" VALUES(10,3,8,2);
INSERT INTO "EXERCISE_SET_JOIN" VALUES(11,3,12,3);
INSERT INTO "EXERCISE_SET_JOIN" VALUES(12,3,8,4);
INSERT INTO "EXERCISE_SET_JOIN" VALUES(13,3,4,5);
INSERT INTO "EXERCISE_SET_JOIN" VALUES(14,3,12,6);
INSERT INTO "EXERCISE_SET_JOIN" VALUES(15,4,5,1);
INSERT INTO "EXERCISE_SET_JOIN" VALUES(16,4,9,2);
INSERT INTO "EXERCISE_SET_JOIN" VALUES(17,4,13,3);
INSERT INTO "EXERCISE_SET_JOIN" VALUES(18,4,9,4);
INSERT INTO "EXERCISE_SET_JOIN" VALUES(19,4,5,5);
INSERT INTO "EXERCISE_SET_JOIN" VALUES(20,4,13,6);
INSERT INTO "EXERCISE_SET_JOIN" VALUES(21,5,6,1);
INSERT INTO "EXERCISE_SET_JOIN" VALUES(22,5,10,2);
INSERT INTO "EXERCISE_SET_JOIN" VALUES(23,5,14,3);
INSERT INTO "EXERCISE_SET_JOIN" VALUES(24,5,10,4);
INSERT INTO "EXERCISE_SET_JOIN" VALUES(25,5,6,5);
INSERT INTO "EXERCISE_SET_JOIN" VALUES(26,5,14,6);
INSERT INTO "EXERCISE_SET_JOIN" VALUES(27,6,15,1);
INSERT INTO "EXERCISE_SET_JOIN" VALUES(28,7,1,1);
INSERT INTO "EXERCISE_SET_JOIN" VALUES(29,8,16,1);
INSERT INTO "EXERCISE_SET_JOIN" VALUES(30,9,17,1);
INSERT INTO "EXERCISE_SET_JOIN" VALUES(31,10,18,1);
INSERT INTO "EXERCISE_SET_JOIN" VALUES(32,11,19,1);
INSERT INTO "EXERCISE_SET_JOIN" VALUES(33,12,15,1);
INSERT INTO "EXERCISE_SET_JOIN" VALUES(34,13,1,1);
INSERT INTO "EXERCISE_SET_JOIN" VALUES(35,18,15,1);
INSERT INTO "EXERCISE_SET_JOIN" VALUES(36,14,20,1);
INSERT INTO "EXERCISE_SET_JOIN" VALUES(37,14,24,2);
INSERT INTO "EXERCISE_SET_JOIN" VALUES(38,14,28,3);
INSERT INTO "EXERCISE_SET_JOIN" VALUES(39,14,32,4);
INSERT INTO "EXERCISE_SET_JOIN" VALUES(40,14,36,5);
INSERT INTO "EXERCISE_SET_JOIN" VALUES(41,14,40,6);
INSERT INTO "EXERCISE_SET_JOIN" VALUES(42,15,21,1);
INSERT INTO "EXERCISE_SET_JOIN" VALUES(43,15,25,2);
INSERT INTO "EXERCISE_SET_JOIN" VALUES(44,15,29,3);
INSERT INTO "EXERCISE_SET_JOIN" VALUES(45,15,33,4);
INSERT INTO "EXERCISE_SET_JOIN" VALUES(46,15,37,5);
INSERT INTO "EXERCISE_SET_JOIN" VALUES(47,15,41,6);
INSERT INTO "EXERCISE_SET_JOIN" VALUES(48,16,22,1);
INSERT INTO "EXERCISE_SET_JOIN" VALUES(49,16,26,2);
INSERT INTO "EXERCISE_SET_JOIN" VALUES(50,16,34,3);
INSERT INTO "EXERCISE_SET_JOIN" VALUES(51,16,38,4);
INSERT INTO "EXERCISE_SET_JOIN" VALUES(52,16,42,5);
INSERT INTO "EXERCISE_SET_JOIN" VALUES(53,17,23,1);
INSERT INTO "EXERCISE_SET_JOIN" VALUES(54,17,27,2);
INSERT INTO "EXERCISE_SET_JOIN" VALUES(55,17,31,3);
INSERT INTO "EXERCISE_SET_JOIN" VALUES(56,17,35,4);
INSERT INTO "EXERCISE_SET_JOIN" VALUES(57,17,39,5);
INSERT INTO "EXERCISE_SET_JOIN" VALUES(58,17,43,6);
INSERT INTO "EXERCISE_SET_JOIN" VALUES(59,20,15,1);
INSERT INTO "EXERCISE_SET_JOIN" VALUES(60,19,44,1);
INSERT INTO "EXERCISE_SET_JOIN" VALUES(61,19,45,2);
INSERT INTO "EXERCISE_SET_JOIN" VALUES(62,19,46,3);
INSERT INTO "EXERCISE_SET_JOIN" VALUES(63,19,47,4);
INSERT INTO "EXERCISE_SET_JOIN" VALUES(64,21,48,1);
INSERT INTO "EXERCISE_SET_JOIN" VALUES(65,21,48,2);
INSERT INTO "EXERCISE_SET_JOIN" VALUES(66,21,48,3);
INSERT INTO "EXERCISE_SET_JOIN" VALUES(67,21,48,4);
INSERT INTO "EXERCISE_SET_JOIN" VALUES(68,21,48,5);
INSERT INTO "EXERCISE_SET_JOIN" VALUES(69,21,48,6);
INSERT INTO "EXERCISE_SET_JOIN" VALUES(70,21,48,7);
INSERT INTO "EXERCISE_SET_JOIN" VALUES(71,21,48,8);
INSERT INTO "EXERCISE_SET_JOIN" VALUES(72,21,48,9);
INSERT INTO "EXERCISE_SET_JOIN" VALUES(73,21,48,10);
INSERT INTO "EXERCISE_SET_JOIN" VALUES(74,21,48,11);
INSERT INTO "EXERCISE_SET_JOIN" VALUES(75,21,48,12);
INSERT INTO "EXERCISE_SET_JOIN" VALUES(76,21,48,13);
INSERT INTO "EXERCISE_SET_JOIN" VALUES(77,21,48,14);
INSERT INTO "EXERCISE_SET_JOIN" VALUES(78,21,48,15);
INSERT INTO "EXERCISE_SET_JOIN" VALUES(79,22,49,1);
INSERT INTO "EXERCISE_SET_JOIN" VALUES(80,22,49,2);
INSERT INTO "EXERCISE_SET_JOIN" VALUES(81,22,49,3);
INSERT INTO "EXERCISE_SET_JOIN" VALUES(82,22,49,4);
INSERT INTO "EXERCISE_SET_JOIN" VALUES(83,22,49,5);
INSERT INTO "EXERCISE_SET_JOIN" VALUES(84,22,49,6);
INSERT INTO "EXERCISE_SET_JOIN" VALUES(85,22,49,7);
INSERT INTO "EXERCISE_SET_JOIN" VALUES(86,22,49,8);
INSERT INTO "EXERCISE_SET_JOIN" VALUES(87,22,49,9);
INSERT INTO "EXERCISE_SET_JOIN" VALUES(88,22,49,10);
INSERT INTO "EXERCISE_SET_JOIN" VALUES(89,22,49,11);
INSERT INTO "EXERCISE_SET_JOIN" VALUES(90,22,49,12);
INSERT INTO "EXERCISE_SET_JOIN" VALUES(91,22,49,13);
INSERT INTO "EXERCISE_SET_JOIN" VALUES(92,22,49,14);
INSERT INTO "EXERCISE_SET_JOIN" VALUES(93,22,49,15);
INSERT INTO "EXERCISE_SET_JOIN" VALUES(94,23,50,1);
INSERT INTO "EXERCISE_SET_JOIN" VALUES(95,23,50,2);
INSERT INTO "EXERCISE_SET_JOIN" VALUES(96,23,50,3);
INSERT INTO "EXERCISE_SET_JOIN" VALUES(97,23,50,4);
INSERT INTO "EXERCISE_SET_JOIN" VALUES(98,23,50,5);
INSERT INTO "EXERCISE_SET_JOIN" VALUES(99,23,50,6);
INSERT INTO "EXERCISE_SET_JOIN" VALUES(100,23,50,7);
INSERT INTO "EXERCISE_SET_JOIN" VALUES(101,23,50,8);
INSERT INTO "EXERCISE_SET_JOIN" VALUES(102,23,50,9);
INSERT INTO "EXERCISE_SET_JOIN" VALUES(103,23,50,10);
INSERT INTO "EXERCISE_SET_JOIN" VALUES(104,23,50,11);
INSERT INTO "EXERCISE_SET_JOIN" VALUES(105,23,50,12);
INSERT INTO "EXERCISE_SET_JOIN" VALUES(106,23,50,13);
INSERT INTO "EXERCISE_SET_JOIN" VALUES(107,23,50,14);
INSERT INTO "EXERCISE_SET_JOIN" VALUES(108,23,50,15);
INSERT INTO "EXERCISE_SET_JOIN" VALUES(109,24,51,1);
INSERT INTO "EXERCISE_SET_JOIN" VALUES(110,24,51,2);
INSERT INTO "EXERCISE_SET_JOIN" VALUES(111,24,51,3);
INSERT INTO "EXERCISE_SET_JOIN" VALUES(112,24,51,4);
INSERT INTO "EXERCISE_SET_JOIN" VALUES(113,24,51,5);
INSERT INTO "EXERCISE_SET_JOIN" VALUES(114,24,51,6);
INSERT INTO "EXERCISE_SET_JOIN" VALUES(115,24,51,7);
INSERT INTO "EXERCISE_SET_JOIN" VALUES(116,24,51,8);
INSERT INTO "EXERCISE_SET_JOIN" VALUES(117,24,51,9);
INSERT INTO "EXERCISE_SET_JOIN" VALUES(118,24,51,10);
INSERT INTO "EXERCISE_SET_JOIN" VALUES(119,24,51,11);
INSERT INTO "EXERCISE_SET_JOIN" VALUES(120,24,51,12);
INSERT INTO "EXERCISE_SET_JOIN" VALUES(121,24,51,13);
INSERT INTO "EXERCISE_SET_JOIN" VALUES(122,24,51,14);
INSERT INTO "EXERCISE_SET_JOIN" VALUES(123,24,51,15);
INSERT INTO "EXERCISE_SET_JOIN" VALUES(124,21,52,16);
INSERT INTO "EXERCISE_SET_JOIN" VALUES(125,22,53,16);
INSERT INTO "EXERCISE_SET_JOIN" VALUES(126,23,54,16);
INSERT INTO "EXERCISE_SET_JOIN" VALUES(127,24,55,16);
INSERT INTO "EXERCISE_SET_JOIN" VALUES(128,25,56,1);
INSERT INTO "EXERCISE_SET_JOIN" VALUES(129,25,58,2);
INSERT INTO "EXERCISE_SET_JOIN" VALUES(130,30,15,1);
INSERT INTO "EXERCISE_SET_JOIN" VALUES(131,26,60,1);
INSERT INTO "EXERCISE_SET_JOIN" VALUES(132,27,61,1);
INSERT INTO "EXERCISE_SET_JOIN" VALUES(133,28,62,1);
INSERT INTO "EXERCISE_SET_JOIN" VALUES(134,29,63,1);
INSERT INTO "EXERCISE_SET_JOIN" VALUES(135,26,64,2);
INSERT INTO "EXERCISE_SET_JOIN" VALUES(136,26,64,3);
INSERT INTO "EXERCISE_SET_JOIN" VALUES(137,27,65,2);
INSERT INTO "EXERCISE_SET_JOIN" VALUES(138,27,65,3);
INSERT INTO "EXERCISE_SET_JOIN" VALUES(139,28,66,2);
INSERT INTO "EXERCISE_SET_JOIN" VALUES(140,28,66,3);
INSERT INTO "EXERCISE_SET_JOIN" VALUES(141,29,67,2);
INSERT INTO "EXERCISE_SET_JOIN" VALUES(142,29,67,3);
INSERT INTO "EXERCISE_SET_JOIN" VALUES(143,26,68,4);
INSERT INTO "EXERCISE_SET_JOIN" VALUES(144,27,69,4);
INSERT INTO "EXERCISE_SET_JOIN" VALUES(145,28,70,4);
INSERT INTO "EXERCISE_SET_JOIN" VALUES(146,29,71,4);
INSERT INTO "EXERCISE_SET_JOIN" VALUES(147,26,72,5);
INSERT INTO "EXERCISE_SET_JOIN" VALUES(148,27,73,5);
INSERT INTO "EXERCISE_SET_JOIN" VALUES(149,28,74,5);
INSERT INTO "EXERCISE_SET_JOIN" VALUES(150,29,75,5);
INSERT INTO "EXERCISE_SET_JOIN" VALUES(151,26,60,6);
INSERT INTO "EXERCISE_SET_JOIN" VALUES(152,27,61,6);
INSERT INTO "EXERCISE_SET_JOIN" VALUES(153,28,62,6);
INSERT INTO "EXERCISE_SET_JOIN" VALUES(154,29,63,6);
INSERT INTO "EXERCISE_SET_JOIN" VALUES(155,26,76,7);
INSERT INTO "EXERCISE_SET_JOIN" VALUES(156,26,76,8);
INSERT INTO "EXERCISE_SET_JOIN" VALUES(157,27,77,7);
INSERT INTO "EXERCISE_SET_JOIN" VALUES(158,27,77,8);
INSERT INTO "EXERCISE_SET_JOIN" VALUES(159,28,78,7);
INSERT INTO "EXERCISE_SET_JOIN" VALUES(160,28,78,8);
INSERT INTO "EXERCISE_SET_JOIN" VALUES(161,29,79,7);
INSERT INTO "EXERCISE_SET_JOIN" VALUES(162,29,79,8);
INSERT INTO "EXERCISE_SET_JOIN" VALUES(163,26,68,9);
INSERT INTO "EXERCISE_SET_JOIN" VALUES(164,27,65,9);
INSERT INTO "EXERCISE_SET_JOIN" VALUES(165,28,70,9);
INSERT INTO "EXERCISE_SET_JOIN" VALUES(166,29,71,9);
INSERT INTO "EXERCISE_SET_JOIN" VALUES(167,31,80,1);
INSERT INTO "EXERCISE_SET_JOIN" VALUES(168,36,15,1);
INSERT INTO "EXERCISE_SET_JOIN" VALUES(169,32,81,1);
INSERT INTO "EXERCISE_SET_JOIN" VALUES(170,33,82,1);
INSERT INTO "EXERCISE_SET_JOIN" VALUES(171,34,83,1);
INSERT INTO "EXERCISE_SET_JOIN" VALUES(172,35,84,1);
INSERT INTO "EXERCISE_SET_JOIN" VALUES(173,32,85,2);
INSERT INTO "EXERCISE_SET_JOIN" VALUES(174,33,86,2);
INSERT INTO "EXERCISE_SET_JOIN" VALUES(175,34,87,2);
INSERT INTO "EXERCISE_SET_JOIN" VALUES(176,35,88,2);
INSERT INTO "EXERCISE_SET_JOIN" VALUES(177,32,89,3);
INSERT INTO "EXERCISE_SET_JOIN" VALUES(178,33,90,3);
INSERT INTO "EXERCISE_SET_JOIN" VALUES(179,34,91,3);
INSERT INTO "EXERCISE_SET_JOIN" VALUES(180,35,92,3);
COMMIT;
